{
    "X": [
        215.3185735736817,
        253.6843142001411,
        184.64858781401182,
        253.49829240393694,
        218.05074881048193,
        200.1178496138743,
        239.76528002263052,
        219.56182506695555,
        185.64302182574383,
        198.56614285291738
    ],
    "Y": [
        14.786383556935482,
        -19.999730842104803,
        -23.331990556914672,
        18.58865069635173,
        -26.774737098709654,
        -7.359743302805423,
        -1.9930873008672094,
        -6.999812879452937,
        12.460664113407086,
        -20.337987002730408
    ],
    "Z": [
        11.471972678149491,
        0.27764674937130696,
        1.880529017398925,
        0.0982889305848962,
        4.021355072754948,
        21.983175496609455,
        18.290407991168305,
        28.77856940455112,
        3.4074643373963966,
        11.78891498655637
    ]
}